id,url,title,score,num_comments,created_utc,selftext
ri891o,https://www.12chip.com/article/company-news/apple-forming-new-in-house-wireless-baseband-chip-team-to-replace-qualcomm-broadcom-sources-say.html?lang=en-us,"Apple forming new in-house wireless/baseband chip team to replace Qualcomm, Broadcom, sources say",1,1,2021-12-17 11:47:56,
re4wo0,https://www.reddit.com/r/wallstreetbets/comments/re4wo0/thoughts_on_mu_stock/,Thoughts on MU stock?,0,8,2021-12-12 01:51:33,[removed]
rd9z8p,https://i.redd.it/onr6x73r7q481.png,$AVGO 24K YOLO (UPDATE). Happy Friday!,13,2,2021-12-10 22:34:51,
rb3s9b,https://www.reddit.com/r/wallstreetbets/comments/rb3s9b/deleted_by_user/,[deleted by user],1,2,2021-12-08 01:25:52,[removed]
rb3qhk,https://i.redd.it/voytrw6p75481.png,$AVGO 24K YOLO,17,14,2021-12-08 01:23:55,
raftgl,https://www.reddit.com/r/wallstreetbets/comments/raftgl/micron_and_rohammer/,Micron and Rohammer,12,11,2021-12-07 03:43:44,"Here's some data...

[https://arstechnica.com/gadgets/2021/11/ddr4-memory-is-even-more-susceptible-to-rowhammer-attacks-than-anyone-thought/](https://arstechnica.com/gadgets/2021/11/ddr4-memory-is-even-more-susceptible-to-rowhammer-attacks-than-anyone-thought/)

[https://hothardware.com/news/researchers-demo-blacksmith-rowhammer-slamming-through-ddr4-security-wall-is-ddr5-safe](https://hothardware.com/news/researchers-demo-blacksmith-rowhammer-slamming-through-ddr4-security-wall-is-ddr5-safe)

[https://www.techspot.com/news/89341-memory-maker-aims-develop-ddr5-modules-clocked-over.html](https://www.techspot.com/news/89341-memory-maker-aims-develop-ddr5-modules-clocked-over.html)

Now hereâ€™s the narrativeâ€¦

DDR5 is the next evolution of dynamic RAM, and all the investment analysts are super smart and have built reliable models of how system builders slowly transition from one memory standard to the next.  In fact you can find many articles from the past 6 months about how the cyclical DRAM market has entered a slower phase and the combination of inventory and production ramp-up time means we can expect slower growth from chip makers that are heavily DRAM makers. Like Micron.  Thatâ€™s the sole reason why Micron (PE 14) has not followed Nvidia (PE 114), AMD (PE 47), Broadcom (PE 42), Applied Materials (PE 27), Qualcomm (PE 23) into much higher valuations.

But now thereâ€™s a nasty new version of an exploit called RowHammer that hackers can use to disrupt or steal from DDR4 systems, which is most of the worlds current PC and Unix systems.

DDR5 is naturally more resistant to RowHammer.  Intel and AMD motherboards are already scheduled to ship in 2022 with DDR5 support, so the engineering work is done.  The Rowhammer exploit increases the urgency to upgrade systems and will thus shift the demand curve ahead of what the analysts have in their models.

Now DDR5 makers like Micron, instead of being seen as in a more slow-growth phase of their industry compared to other chip makers, will quickly be recognized to be in high-growth phase, maybe emergency high-growth if a couple Rowhammer exploitations get publicized.

Edit:  I know I misspelled RowHammer in the title.  Turns out you can't edit the title.  Total autist here, you're prolly best off ignoring everything I say."
qxkwlj,https://i.redd.it/n4ajy1h06l081.jpg,I really like the Broadcom stock (AVGO) Semi conductors,0,2,2021-11-20 01:19:44,
qxksvf,https://www.reddit.com/r/wallstreetbets/comments/qxksvf/i_really_like_the_broadcom_stock_semiconductors/,I really like the Broadcom stock semiconductors ( AVGO ),1,2,2021-11-20 01:14:50,[removed]
qpwkcu,https://www.reddit.com/r/wallstreetbets/comments/qpwkcu/why_intel_is_the_play_to_the_and_beyond/,Why Intel Is The Play. To the ðŸŒ— and beyond.ðŸš€,51,45,2021-11-09 13:17:20,"**BULL CASES**

/1. INTC is the only real US chip manufacturer that can reasonably compete with Korean Samsung and Taiwanese TSMC (-100 credit score for acknowledging Taiwan). It is getting lots of literal boat load of cash(probs something like $50B equivalent) from the government that is positive for the shareholders, while maintaining the buybacks and dividends.
Yes, TSMC and others are also hedging and gonna start making some chips in USA but realistically the gubment will give most of the cash to INTC.

/2. US gubment is in a cold war with China, this means it's also a technological warfare. This means supercomputers, missile, Starlink chips(private company) etc and Intel is likely going to be one of the prime suppliers of this boom in tech investment.

/3. TSMC and Samsung are pretty much bottlenecked. Apple, AMD, NVIDIA, Qualcomm, Mediatech, Broadcom, various carmakers, electronics manufacturers etc and not to mention Intel themselves are a big buyer. Specifically, Intel and Apple has bought out all capacity of TSMC 3nm(equivalent to Intel's 5 nm probs, I forgot). This means there is an enormous demand that is not being fulfilled and Intel launching their foundry services and already signing deals with Qualcomm, Amazon is a big deal.

For reference, TSMC's market cap is bigger than 3 Intel (yes, that's a unit I invented). In 2024-2025, you might even see Apple, NVIDIA and the likes fabricating their chips from Intel just to give a big F U to TSMC (who is currently slightly overcharging if the rumours are to be believed).

/4. Intel is launching a GPU. The GPU market is also in a huge bottleneck due to higher demand from gamers and corn miners. Everyone expects that they are likely to sell their GPUs very easily. Think about this for a sec. Intel is just about to become one of the players in this huge GPU market.
Which would also make way for their server GPUs and AIs and the likes.

/5. Think 10-15 years from now. Your fridge, doorbell, light, heating system and every ducking thing will have some chips and Intel is likely to remain a dominant player in this market. I think this will be bigger than the current entire semi market as it is. IOT is just getting started.

/6. Intel is one of the forerunner player in AI techs like autonomous vehicles through their various investments(Mobil eye for one) and will likely remain so. I don't know how big this will be in 10 years, but it's likely that Intel will be one of the bigger players in the market like Google (through Waymo), Tesla and NVIDIA.

/7. Intel also recently launched their big little architecture, where it has already became competitively better than AMD especially in gaming with low power consumption and huge power. Not to mention being very power efficient most of the time for using its efficiency cores most of the time. Not that it matters that much, seeing the gamer Steam reports, very few people actually play on the latest of the latest gen. But, that's also something that's worth noting at least. 

However, the vast majority of pc sales is in just your average boomer laptops and desktops. And they have a good lead there.

*Tips for those wanting to build a high end new pc. Wait for Intel's lineup to be available broadly, high end pc gamers will dump their last gen AMD chips for the Intel one in the second hand market, causing a flooding of cheap AMD CPUs, buy one of them. Source: Did this once.*

/8. One worrying factor is in the server market. Everyone seems to be launching their own server chips and AMD is very competitive and eating away market share. But Intel's management seems to be guiding us towards the right path. If their predictions prove to be right, they are on the right track.

/9. Intel announced that they will launch Angstrom scale CPUs in the future, that's good I guess. They are also working in RISC-V and other CPU architectures.

/10. Pat has an approval rating of 96% in Glassdoor and the employees would recommend others to work in Intel 89% of the time. This is a huge ass jump for both scores from the Bob Swan era. Go to Wayback Machine, you will see. This means a noticeable change has taken place within this huge organisation in such a short time.

/11. Intel stock always seem to have price support at around $50. And it's near that range right now.

/12. Most analysts are bullish on the stock. Comparatively cheap stock in this clown market. Wanna buy a $5.48B gravity powered truck company anyone?

/13. Intel actually has one of the highest talented employee pull who can be expected to deliver. Contrary to popular belief.

**Bear Cases**

/1. This is a boomer stock according to reddit's circejerk. So, it's difficult to convince people that it is actually expected to grow around 11% CAGR just by the current demand circumstances alone by management's conservative estimates for the next few years. This is mega bearish. If the market doesn't care about a stock, no matter what the management do, the stock will not perform.

/2. Intel has repeatedly failed to prove that their foundry division's predictions are reliable. If they went fabless like AMD, it would have probably rocketed already. But a big part of the cheapness of the stock comes from the unreliability of their foundry division. Yes, the management has finally started getting serious about their foundry, but one cannot ignore their past failures.

/3. Government contracts and the likes are not completely free money like some of you believe, delays in delivery and contract fulfillment could make what is essentially a free money glitch to a costly mistake and a billion dollar loss with a brink of an eye. The terms are generally very strict, so Intel has to deliver.

/4. Investments are going to be a lot and semiconductor industry being cyclical means, if Intel fails to deliver, its market share will be eaten away and lose billions in potential profit.

/5. Stock seems to be largely rangebound like Microsoft was for 15 years.

[positions or ban. bought 100 shares for now. will be selling some puts to enter into more. And then around the next earnings, will buy some calls](https://imgur.com/a/xxYyDIE)"
qof941,https://www.reddit.com/r/wallstreetbets/comments/qof941/the_three_ms_youll_want_by_monday/,The three Ms youâ€™ll want by Monday,49,50,2021-11-07 10:32:16,"Gather round fellow companions, grab your wifeâ€™s boyfriendâ€™s wallets and let me introduce you to this tendie factory opportunity for you to put money you cannot afford to lose and change your life.

Although I like eating Mac n cheese, mj and masturbating on any Friday night, today I call for your attention for three different Ms, literally. $MMM is a manufacturing company blah blah boring shit, they have their hands on basically everything including sticky notes, paint, medical respirators and a lot more stuffâ€¦ especially construction stuff.

THE ANALYSIS

Bidenâ€™sâ€™ infrastructure plan passed congress, many companies will benefit. The thing is, 3M is so broadly present in the sectors that will be invested on by the government that it is nearly impossible for it not to benefit. Itâ€™s like that awkward friend that you knows everyone around you so he goes to all the parties and stuff but you donâ€™t really know know them and just awkwardly say hi, but he seems to be really close to everyone you know just not you for some reasonâ€¦ ya feel? 

Anyways, offering EV battery solutions, mostly insulating materials; and we know how hot that sector is right now.

But not only EVs will benefit, 3M is all around the manufacturing industry with abrasives, paints, bonding and more. Even touching the Broadcom sector.

What I mean is, when Biden passed this bill, 3M execs bought a Beverly Hills house for each one of their dogâ€™s toys. And these are rich dogs. Think about it.

THE TA

Now for the part that you are waiting for, your daily horoscope reading for a random stock with badly drawn lines and numbers you donâ€™t understandâ€¦ but donâ€™t worry cause I donâ€™t either.

See, the stock has been trading in this triangle, which is on the brink of breakout, in fact when voting started for the bill on Friday morning we can see how much momentum it gained; until they said they were delaying voting.

https://charts.equityclock.com/3m-company-nysemmm-seasonal-chart

Also hereâ€™s graphs of stock performance during the months of September through December, beating SPY by about 2% and there are not weak months for SPY usually.

CONCLUSION

MMM is primed for a breakout Monday after the bill passing. The best part is the price of the contracts, with 190 next week contracts being merely around $30. With the movement of this stock Friday morning, I am sure the stock will rally with this incredible catalyst. 

POSITION
21 190C 11/19
2 Shares

EDIT: TL;DR: Buy Mmm, go boom Monday cause bill and Brandon"
q813r7,https://www.reddit.com/r/wallstreetbets/comments/q813r7/recent_stock_transactions_by_us_congressmen/,Recent stock transactions by US congressmen alongside trade returns,39,10,2021-10-14 22:40:35,"I've been posting alerts on stock trading by congressmen on Twitter and wanted to share occasional summaries of recent trading on here as well.

With that being said, here is a list of trades that were disclosed in the last couple days by US congressmen, alongside the estimated return to date from the trade:

|Congressman|Stock|Action|Trade Date|Transaction Amount|Est. return to date (%)|
|:-|:-|:-|:-|:-|:-|
|Susie Lee|BAH|Purchase|2021-09-24|$1,001-$15,000|1.33|
|Susie Lee|CARR|Sale|2021-09-24|$1,001-$15,000|5.31|
|Susie Lee|ESI|Purchase|2021-09-24|$1,001-$15,000|1.9|
|Susie Lee|AQUA|Purchase|2021-09-24|$1,001-$15,000|\-4.82|
|Susie Lee|LDOS|Sale|2021-09-24|$1,001-$15,000|\-3.7|
|Susie Lee|FOUR|Purchase|2021-09-24|$1,001-$15,000|\-18.82|
|Susie Lee|SYNH|Purchase|2021-09-24|$1,001-$15,000|\-9.72|
|Earl Blumenauer|BROS|Purchase|2021-09-15|$1,001-$15,000|30.1|
|Earl Blumenauer|LW|Purchase|2021-09-24|$1,001-$15,000|\-9.38|
|David B. Mckinley|AVGO|Purchase|2021-09-16|$15,001-$50,000|\-3.65|
|David B. Mckinley|RPM|Sale|2021-09-16|$15,001-$50,000|\-0.82|"
q24rwc,https://www.reddit.com/r/wallstreetbets/comments/q24rwc/what_happened_to_avgo/,What happened to AVGO,1,2,2021-10-06 04:24:39,[removed]
pryczc,https://i.redd.it/cn4ybg7cqoo71.jpg,AVGO ex div sept21. Buy it today dividend over $3.5 per share it will rebound till next week good symbol,1,1,2021-09-21 00:29:18,
prybo5,https://i.redd.it/lhvwej50qoo71.jpg,AVGO ex div sept21. Buy it today dividend over $3.5 per share it will rebound till next week good symbol,1,2,2021-09-21 00:27:27,
phb5uw,https://www.reddit.com/r/wallstreetbets/comments/phb5uw/avgo_absolutely_about_to_blow_up_924_540calls_70/,AVGO absolutely about to blow up 9/24 $540calls @.70,14,24,2021-09-04 02:40:36,"Not financial advice personal opinion

Great earnings report crushing the estimates and opening up about more potential sales with APPLE

Big whale money coming into the calls for September 24th indicating a potential boom. Price target seems to be $540 and $550

I am jumping in and going to be buying 40k worth of calls for 9/24 540c @.70 

I strongly recommend jumping in before the boom itâ€™s at its lowest itâ€™s been all week. Going from .50 all the way to 4.00 strike within minutes. 

Right before the earnings there was a giant buy in surging the price up over 110% and I believe there is more to come

Apple and Broadcom are going to make great things happen this year take the train and ride to the promise lands with our trendies

Letâ€™s be retards together and make this money"
phb2sd,https://www.reddit.com/r/wallstreetbets/comments/phb2sd/avgo_is_getting_ready_to_explode_to_the_upside_i/,AVGO is getting ready to explode to the upside I highly recommend jumping in. 9/24 540call @ .70,1,1,2021-09-04 02:35:55,[removed]
phaypu,https://i.redd.it/2uois84d0cl71.jpg,AVGO BIG WHALE MONEY COMING IN 9/24 CALLS $540 @.120,1,1,2021-09-04 02:29:56,
phaw18,https://www.reddit.com/r/wallstreetbets/comments/phaw18/avgo_big_earnings/,AVGO big earnings $$$,1,1,2021-09-04 02:25:58,[removed]
pgnzpg,https://www.reddit.com/r/wallstreetbets/comments/pgnzpg/avgo_earnings/,AVGO EARNINGS,1,2,2021-09-03 02:43:19,[removed]
pgnypx,https://www.reddit.com/r/wallstreetbets/comments/pgnypx/avgo/,AVGO,1,2,2021-09-03 02:41:56,[removed]
pflp62,https://www.reddit.com/r/wallstreetbets/comments/pflp62/dd_cybersecurity_longhaul_tendies/,DD: cybersecurity long-haul tendies,1,1,2021-09-01 11:37:19,[removed]
pfln9r,https://www.reddit.com/r/wallstreetbets/comments/pfln9r/dd_long_boomer_stonk/,DD: Long Boomer Stonk,1,2,2021-09-01 11:34:10,[removed]
pdb4xp,https://www.reddit.com/r/wallstreetbets/comments/pdb4xp/some_implied_moves_for_earnings_next_week/,Some implied moves for #earnings next week:,1,3,2021-08-28 22:50:00,[removed]
pd8xfn,https://www.reddit.com/r/wallstreetbets/comments/pd8xfn/wall_street_week_ahead_for_the_trading_week/,"Wall Street Week Ahead for the trading week beginning August 30th, 2021",85,27,2021-08-28 20:30:17,"Good Saturday morning to all of you here on r/wallstreetbets. I hope everyone on this sub made out pretty nicely in the market this past week, and is ready for the new trading week ahead.

Here is everything you need to know to get you ready for the trading week beginning August 30th, 2021.

# **A key jobs report in the week ahead could drive the next big market move - [(Source)](https://www.cnbc.com/2021/08/27/a-key-jobs-report-in-the-week-ahead-could-drive-the-next-big-market-move.html)**
*****
> With Jackson Hole in the rear-view mirror, Augustâ€™s employment report could be the next driver for markets.
*****
> Stocks gained in the past week, surging again to new highs Friday after a speech by Federal Reserve Chairman Jerome Powell. The chairman acknowledged that Fed officials expect to taper back their $120 billion a month bond-buying program this year, a first step toward reversing easy policy.
*****
> Powell was speaking at the Kansas City Fedâ€™s annual Jackson Hole, Wyo. symposium, held virtually this year. He said the Fed has seen sufficient progress on inflation, but the labor market has not yet improved enough to start the taper. Importantly, he also emphasized that the wind down of the bond program does not mean the Fed will automatically move on to raise interest rate hikes.
*****
> â€œPowell has made it clear the Fed is not prepared to raise interest rates anytime soon. The market seems relieved by that. â€¦ With some of the economic data already slowing, I think interest rate hikes are far, far away, and investors are happy about that,â€ said Michael Arone, chief investment strategist for the US SPDR business at State Street Global Advisors.
*****
> Arone said the Fed has so far avoided a â€œtaper tantrum,â€ similar to the 2013 market sell-off when the Fed announced it was rolling back quantitative easing. Powellâ€™s speech was widely anticipated to clarify the Fedâ€™s position on its $120 billion monthly bond purchases, after a number of Fed officials called for the start of a wind down.
*****
> # Jobs are the focal point
*****
> Now, market focus shifts even more fiercely to jobs data, with the release Friday of the August employment report.
*****
> â€œFor sure, the market is going to react,â€ said Jim Caron, head of macro strategies for global fixed income at Morgan Stanley Investment Management. â€œI think itâ€™s important. I think the issue that theyâ€™re going to have is unemployment benefits donâ€™t really run out until the beginning of September. Itâ€™s really not until you get the October jobs number that you get a more free look at September.â€
*****
> The dollar index sank after Powellâ€™s Friday morning speech, as stocks rallied to new highs and Treasury yields fell. Other data in the coming week includes consumer confidence Tuesday and Wednesdayâ€™s release of Institute for Supply Management manufacturing data and ADPâ€™s private sector payroll data, a kind of preview for Fridayâ€™s government jobs report.
*****
> â€œI wouldnâ€™t be surprised to see follow-through Monday and Tuesday, but ahead of ADP on Wednesday, Iâ€™d look for position adjusting which means weaker stocks and weaker bonds and stronger dollar ahead of the jobs data,â€ said Marc Chandler, chief market strategist at Bannockburn Global Forex.
*****
> He said Powell was dovish, as expected, while still emphasizing that tapering was coming. But the key for markets was that he stressed the end of the program does not mean â€œtighteningâ€ or rate hikes. The 10-year Treasury yield had risen above 1.35% this week, but fell to 1.3% after Powell spoke Friday.
*****
> # U.S. 10-year Treasury yield
*****
> â€œThe market will get cautious again ahead of the jobs data. Then itâ€™s a new world into September. You have to wait until after the jobs data to see if these moves have sustaining power. This is â€˜a buy the rumor, sell the factâ€™ move,â€ Chandler said.
*****
> Some market pros had expected an announcement on tapering from the Fed at its September meeting, but that view has now mostly changed to a November or December announcement. â€œBecause of the uncertainty of delta, I think it will take more than the next jobs report,â€ said Diane Swonk, chief economist at Grant Thornton. â€œThe disruption to jobs in particular is if schools have to close again.â€
*****
> Economists polled by Dow Jones expect 750,000 jobs were created in August and the unemployment rate fell to 5.2%. In July, the economy created 943,000 jobs and unemployment slid to 5.4%. Education was a big contributor in July, with 261,000 jobs added in public schools and private education.
*****
> â€œIt doesnâ€™t have to be a spectacular number to satisfy their needs,â€ said Swonk of the August report. â€œYou need a solid jobs number, something north of a half million... I think weâ€™re going to be close to that. Theyâ€™re going to want to see September employment as well.â€
*****
> # Market risks
*****
> State Streetâ€™s Arone said the Fedâ€™s discussion of the tapering will be top of mind in the markets, just as the next earnings season rolls around.
*****
> â€œIt will be interesting at a time when the Fed starts taking its foot off the pedal,â€ he said. â€œRight now, the bull case continues to be reasonably strong, but markets donâ€™t go straight up. If I was going to key on a specific risk, Iâ€™d keep an eye on third quarter earnings reports, and more importantly what corporate executives are saying about next year.â€
*****
> Arone said strong earnings has been the biggest driver of market gains, helping investors ignore worries about the spread of the Covid delta variant, the U.S. withdrawal from Afghanistan, and dysfunction in Washington.
*****
> The marketâ€™s summer rally continued in the past week, with the Dow ending at 35,455, up just about 1% for the week. The S&P 500 and Nasdaq both ended the week at record highs.
*****
> The S&P 500 was up 1.5% at 4,509, and the Nasdaq rose 2.8% to 15,129.
*****
> â€œThe market has been able to ignore all this noise and rally,â€ he said, adding it would be ironic if it were earnings that caused a sell-off and not a Fed policy change or something else.
*****
> He said the market could get choppy in September and into October, a seasonally weak time of year for stocks.
*****
> â€œWe caught a glimpse of this this quarter, with big tech â€” where the numbers were beating, but they suggested that future quarters would see slower growth,â€ Arone said. â€œInvestors didnâ€™t like that, and I think it gave us a glimpse of what happens if it spreads beyond the technology sector to other sectors.â€
*****
> There are a few earnings in the coming week, including Zoom Video Monday, Campbell Soup Wednesday, and Hewlett Packard and Broadcom Thursday.
*****
> # Watching Ida
*****
> The oil and gas industry is closely watching Hurricane Ida, which was heading straight for Louisiana. Oil, gasoline and natural gas all rallied Friday, as energy companies shut down Gulf of Mexico production ahead of the storm. Louisiana is also home to a number of refineries.
*****
> West Texas Intermediate futures settled up nearly 2% Friday, at $68.74 per barrel. The benchmark U.S. crude was up more than 10% for the week, its best weekly gain since June 5, 2020.
*****

# **This past week saw the following moves in the S&P:**
###### **([CLICK HERE FOR THE FULL S&P TREE MAP FOR THE PAST WEEK!](https://i.imgur.com/didTIRh.png))**

# **S&P Sectors for this past week:**
###### **([CLICK HERE FOR THE S&P SECTORS FOR THE PAST WEEK!](https://i.imgur.com/Ix151Zj.png))**

# **Major Indices for this past week:**
###### **([CLICK HERE FOR THE MAJOR INDICES FOR THE PAST WEEK!](https://i.imgur.com/QVpHWsA.png))**

# **Major Futures Markets as of Friday's close:**
###### **([CLICK HERE FOR THE MAJOR FUTURES INDICES AS OF FRIDAY!](https://i.imgur.com/KT1s80n.png))**

# **Economic Calendar for the Week Ahead:**
###### **([CLICK HERE FOR THE FULL ECONOMIC CALENDAR FOR THE WEEK AHEAD!](https://i.imgur.com/E2AuWSX.png))**

# **Percentage Changes for the Major Indices, WTD, MTD, QTD, YTD as of Friday's close:**
###### **([CLICK HERE FOR THE CHART!](https://i.imgur.com/7RNC2XB.png))**

# **S&P Sectors for the Past Week:**
###### **([CLICK HERE FOR THE CHART!](https://i.imgur.com/puSwYZx.png))**

# **Major Indices Pullback/Correction Levels as of Friday's close:**
###### **([CLICK HERE FOR THE CHART!](https://i.imgur.com/JHQ3zsL.png))**

# **Major Indices Rally Levels as of Friday's close:**
###### **([CLICK HERE FOR THE CHART!](https://i.imgur.com/wAgKTB0.png))**

# **Most Anticipated Earnings Releases for this week:**
###### **([CLICK HERE FOR THE CHART!](https://i.imgur.com/gzL4Eck.png))**

# **Here are the upcoming IPO's for this week:**
###### **([CLICK HERE FOR THE CHART!](https://i.imgur.com/wLwUeqE.png))**

# **Friday's Stock Analyst Upgrades & Downgrades:**
###### **([CLICK HERE FOR THE CHART LINK #1!](https://i.imgur.com/Pgih5dk.png))**
###### **([CLICK HERE FOR THE CHART LINK #2!](https://i.imgur.com/1qQ8hq7.png))**
###### **([CLICK HERE FOR THE CHART LINK #3!](https://i.imgur.com/gzDuu8v.png))**

*****

> # Small Cap Labor Day Rally Getting Underway

> In the below chart, daily data since July 1, 1979 through August 20, 2021 for the Russell 2000 index of smaller companies are divided by the Russell 1000 index of largest companies, and then compressed into a single year to show an idealized yearly pattern. When the graph is descending, large-cap companies are outperforming small-cap companies; when the graph is rising, smaller companies are moving up faster than their larger brethren. The most prominent period of outperformance generally begins in mid-December and lasts until late-February or early March with a surge in January. This period of outperformance by small-caps is known as the â€œJanuary Effectâ€ in the annual Stock Traderâ€™s Almanac.

> ###### **([CLICK HERE FOR THE CHART!](https://64.media.tumblr.com/ee23ad03da0bcf4a9f8869976521a446/51d39e9e109dc4da-47/s500x750/7dc9cb9b15e57125a71f2475fad23ab6ccd1423e.jpg))**

> In recent years, another sizable move is quite evident just before Labor Day. One possible explanation for this move is individual investors begin to return to work after summertime vacations and are searching for â€œbargainâ€ stocks. In a typical year, small-caps would have been lagging and could represent an opportunity relative to other large-cap possibilities. As of todayâ€™s close, Russell 2000 is up 13.4% compared to the Russell 1000 being up 19.0% year-to-date. Lagging small-caps and resilient U.S. consumers could be the ideal setup for a repeat of this pattern this year. However, the small-cap advantage does historically wane around mid-September.

*****

> # Small-Caps Bounce

> ln today's Morning Lineup, we noted the inverse correlation between performance this week and market caps. As shown in the major US Indices screen of our Trend Analyzer tool, the two best performers over the past five days have been Micro-Caps (IWC) followed by small caps like the Russell 2000 (IWM) and the Core S&P Small-Cap ETF (IJR). Mid-cap ETFs are the next best performers with high 2% gains then most large cap indices have only risen around 1.5% this week with the exception of the Dow (DIA) which has not even gained 1%. As for where these indices are trading relative to each one's trading range, it is partially a mean reversion story. Small caps were deeply oversold one week ago and are now sitting just below their 50-DMAs. While not to as extreme of a degree, mid-caps were similarly trading a full standard deviation below their 50-DMAs last week. Today, they are on the opposite side of their 50-DMAs and on the verge of overbought readings.

> ###### **([CLICK HERE FOR THE CHART!](https://media.bespokepremium.com/uploads/2021/08/indices0827.png))**

> As previously mentioned, small caps like the Micro-Cap ETF (IWC) and Russell 2000 ETF (IWM) were oversold last week. From a charting perspective, each of these indices' rallies this week are not only bounces from extreme oversold levels, but they also follow brief dips below their 200-DMAs. But whereas the past five days have seen solid gains, yesterday saw IWC and IWM reject their 50-DMAs and the high end of their ranges that have been in place since late July. In other words, even though small caps have led the market this week, they are not out of the woods yet.

> ###### **([CLICK HERE FOR THE CHART!](https://media.bespokepremium.com/uploads/2021/08/082721-IWC.png))**
> ###### **([CLICK HERE FOR THE CHART!](https://media.bespokepremium.com/uploads/2021/08/082721-IWM.png))**

> Looking at the relative strength lines of small caps like IWC and IWM versus the large cap S&P 500 (SPY) over the past year, the past week's outperformance again is a blip on the radar and has only put a small dent in the longer term trend of underperformance.

> ###### **([CLICK HERE FOR THE CHART!](https://media.bespokepremium.com/uploads/2021/08/082721-Small-v-Large2.png))**

> Where that is not necessarily the case is small market caps versus the smallest market caps. As shown below, the relative strength line of the Micro-Cap ETF (IWC) versus the Russell 2000 (IWM) broke out of the past few months' downtrend over the past few days.

> ###### **([CLICK HERE FOR THE CHART!](https://media.bespokepremium.com/uploads/2021/08/082721-IWC-vs-IWM2.png))**

*****

> # 6 Charts on Stocks Making New All-Time Highs

> The S&P 500 Index made yet another new all-time high yesterday, the 50th on the year. â€œThe all-time record for any one year is 77 S&P 500 new all-time highs back in 1995,â€ explained LPL Financial Chief Market Strategist Ryan Detrick. â€œIncredibly, 2021 is currently on pace for 78 new highs. Thereâ€™s a long way to go, but this has been an amazing year and this is yet another way to show it.â€

> ###### **([CLICK HERE FOR THE CHART!](https://i0.wp.com/lplresearch.com/wp-content/uploads/2021/08/Blog-8.25.21-1.png?ssl=1))**

> As impressive as 50 new highs is, investors need to remember that new highs happen in clusters that can last decades. Weâ€™ve been sharing this chart for years, saying exactly that: previous periods of new highs lasted much longer than most expected. Mark Twain said history doesnâ€™t repeat itself, but it often rhymes. If history rhymes once again, we could still have several more years of new highs.

> ###### **([CLICK HERE FOR THE CHART!](https://i1.wp.com/lplresearch.com/wp-content/uploads/2021/08/Blog-8.25.21-2.png?ssl=1))**

> Another interesting stat about S&P 500 all-time highs is every month so far in 2021 has seen a new high, 8 for 8. Only once have all 12 months made a new all-time high and that was in 2014. This is somewhat surprising, given the S&P 500 gained only 11.4% in 2014, but it was a very slow and persistent move. Most investors (including this author) would guess it was 1995, but that spectacular year saw new highs in â€˜onlyâ€™ 10 months.

> ###### **([CLICK HERE FOR THE CHART!](https://i2.wp.com/lplresearch.com/wp-content/uploads/2021/08/Blog-8.25.21-3.png?ssl=1))**

> Although August tends to be historically weak for stocks, that hasnâ€™t been the case this year. In fact, the S&P 500 has made an incredible 9 new highs already this month, the most since 1929. No, we donâ€™t think this is another 1929, but this is just another way to show how astounding this bull run has been.

> ###### **([CLICK HERE FOR THE CHART!](https://i1.wp.com/lplresearch.com/wp-content/uploads/2021/08/Blog-8.25.21-4.png?ssl=1))**

> As shown in the LPL Chart of the Day, 50 new S&P 500 all-time highs before the end of August is quite a feat. In fact, only twice has the 50 level been cracked through the end of August, in 1964 and 1995.

> ###### **([CLICK HERE FOR THE CHART!](https://i0.wp.com/lplresearch.com/wp-content/uploads/2021/08/Blog-8.25.21-5.png?ssl=1))**

> So what happens next? The rest of the year in 1964 the S&P 500 added 3.6%, while it added 9.6% in 1995. Below we looked at all the years with at least 30 new all-time highs through August and sure enough, better than average returns the rest of the year are common. The final 4 months gained 4.7%, versus the average final 4 months gain for all years of 3.6%. Now this is skewed due to 1987s crash, as that was the only time stocks were lower the final 4 months after more than 30 new highs by the end of August. Smoothing things out, the median return jumps up to a very impressive 5.4%, versus a median return of 3.6% for all years.

> ###### **([CLICK HERE FOR THE CHART!](https://i1.wp.com/lplresearch.com/wp-content/uploads/2021/08/Blog-8.25.21-6.png?ssl=1))**

> 2021 is off to a roaring start and we continue to expect higher prices before all is said and done. The studies we did today do little to change our view. Weâ€™d use any potential weakness as an opportunity to add before potential higher prices.

*****

> # Nasdaq Crosses Another 1,000 Point Threshold

> It won't be official until the close, but with the Nasdaq crossing 15,000 for the first time today, it's on pace to cross its third 1,000 point threshold this year and the sixth since the pandemic began in early 2020. The table below lists each 1,000 point threshold that the Nasdaq has crossed over time along with the first day that it crossed that threshold, the number of days since the prior cross, what percentage that 1,000 point consists of relative to the prior threshold, and then how many upside and downside crosses the Nasdaq has had around that level on a closing basis.

> Of all the 1,000 point thresholds the Nasdaq has crossed over time, the only one that it never traded back below after crossing it was 6,000 back in April 2017. Besides 1,000, that was also the 1,000 point threshold that took the longest to cross above. After first crossing 5,000 back in March 2000, it took 6,256 days for the Nasdaq to top 6,000. Since then, though, the Nasdaq has been making quick work of 1,000 point thresholds. With the exception of the 486-day gap between 8K and 9K, every other 1,000-point threshold since 6,000 has taken less than a year to cross. Even in the midst of a global pandemic, it took the Nasdaq less than six months to get from 9,000 to 10,000.

> ###### **([CLICK HERE FOR THE CHART!](https://media.bespokepremium.com/uploads/2021/08/082421-Nasdaq-Crosses.png))**

> The long-term chart of the Nasdaq below includes red dots to show each time the Nasdaq first crossed a 1,000 point threshold along with the number of days for each one.

> ###### **([CLICK HERE FOR THE CHART!](https://media.bespokepremium.com/uploads/2021/08/082421-Nasdaq-1000-Point-thresholds.png))**

> Looking at the chart above may give you a feeling of lightheadedness given the seemingly parabolic nature of the last few years. An important thing to keep in mind, though, is that as a percentage of the index's price level, every 1,000 point threshold represents a smaller move in percentage terms. While the move from 9K to 10K represented a move of over 11%, the move from 14K to 15K represents only a little more than 7%. Looking at this chart on a log scale where each label on the y-axis represents a doubling of the index shows how modest the recent 1,000 point thresholds have been relative to earlier ones. Think about it this way, in the less than two years between when the Nasdaq first crossed 2K to when it crossed 5K for the first time (four different 1,000 point thresholds), it rallied 150%. Over the last four years, though, the Nasdaq has crossed 10 different 1,000-point thresholds, but the gain has also only been 150%.

> ###### **([CLICK HERE FOR THE CHART!](https://media.bespokepremium.com/uploads/2021/08/082421-Nasdaq-1000-Point-thresholds-Log-Scale.png))**

*****

> # Bulls Head In Separate Directions

>As the major indices have set more record highs in the past week, bullish sentiment has rebounded. The American Association of Individual Investors' (AAII) weekly reading on bullish sentiment rose 6.4 percentage points to 39.4% this week. That is the highest reading of optimism since the week of July 8th when bullish sentiment was a hair above 40%. While recovered, that reading is still muted versus the past year's range and is only 1.5 percentage points above their historical average. In other words, bullish sentiment has rebounded but is far from elevated.

> ###### **([CLICK HERE FOR THE CHART!](https://media.bespokepremium.com/uploads/2021/08/082621-AAII-Bull.png))**

> While the AAII survey showed an increase in bullish sentiment, another survey of newsletter writers from Investors Intelligence saw the opposite result. This survey's reading on bullish sentiment dropped to just 50% this week which is the lowest level since May of last year. Although this reading has now fallen out of the past year's range, it is still slightly elevated versus the historical average of 45%.

> ###### **([CLICK HERE FOR THE CHART!](https://media.bespokepremium.com/uploads/2021/08/082621-II-Bull.png))**

> Given the uptick in bullish sentiment, the AAII survey saw only a third of respondents report as bearish versus 35.1% last week. Like bullish sentiment, this reading remains outside of the range it has occupied for most of the past year although that current reading is also not far away from the historical average of 30.5%.

> ###### **([CLICK HERE FOR THE CHART!](https://media.bespokepremium.com/uploads/2021/08/082621-AAII-Bear.png))**

> As we noted in last Thursday's Chart of the Day, the bull-bear spread dipped into negative territory last week for the first time since late January and it was at the lowest level since October 2020. With the inverse moves in bullish and bearish sentiment this week, the spread has moved back into positive territory to its highest level since the last week of July.

> ###### **([CLICK HERE FOR THE CHART!](https://media.bespokepremium.com/uploads/2021/08/082621-AAII-BB-Spread.png))**

> Not all of the gains to bullish sentiment came from the bearish camp. Neutral sentiment saw an even larger decline of 4.2 percentage points. That brings the reading down to 27.5% which is the lowest reading since April 15th when it stood at just 21.6%.

> ###### **([CLICK HERE FOR THE CHART!](https://media.bespokepremium.com/uploads/2021/08/082621-AAII-Neutral.png))**

*****

# **STOCK MARKET VIDEO: Stock Market Analysis Video for Week Ending August 27th, 2021** 
###### **([CLICK HERE FOR THE YOUTUBE VIDEO!]())**
(LINK REMOVED.)

# **STOCK MARKET VIDEO: ShadowTrader Video Weekly 8.29.21**
###### **([CLICK HERE FOR THE YOUTUBE VIDEO!]())**
(LINK REMOVED.)

*****

Here are the most notable companies (tickers) reporting earnings in this upcoming trading week ahead-

*****

> * (**TICKERS REMOVED.**)

*****

###### **([CLICK HERE FOR NEXT WEEK'S MOST NOTABLE EARNINGS RELEASES!](https://i.imgur.com/gzL4Eck.png))**
###### **([CLICK HERE FOR NEXT WEEK'S HIGHEST VOLATILITY EARNINGS RELEASES!](https://i.imgur.com/vkLERKx.png))**
###### **([CLICK HERE FOR THE MOST ANTICIPATED EARNINGS RELEASES BEFORE MONDAY'S MARKET OPEN!](https://i.imgur.com/jPhLbGO.png))**


*****

Below are some of the notable companies coming out with earnings releases this upcoming trading week ahead which includes the date/time of release & consensus estimates courtesy of Earnings Whispers:

*****

> # ***Monday 8.30.21 Before Market Open:***
> ###### ([CLICK HERE FOR MONDAY'S PRE-MARKET EARNINGS TIME & ESTIMATES!](https://i.imgur.com/JMueNPp.png))

> # ***Monday 8.30.21 After Market Close:*** 
> ###### ([CLICK HERE FOR MONDAY'S AFTER-MARKET EARNINGS TIME & ESTIMATES!](https://i.imgur.com/Tv2AZDN.png))

*****

> # ***Tuesday  8.31.21 Before Market Open:***
> ###### ([CLICK HERE FOR TUESDAY'S PRE-MARKET EARNINGS TIME & ESTIMATES!](https://i.imgur.com/84mbmWL.png))

> # ***Tuesday 8.31.21 After Market Close:*** 
> ###### ([CLICK HERE FOR TUESDAY'S AFTER-MARKET EARNINGS TIME & ESTIMATES!](https://i.imgur.com/UIvsHKr.png))

*****

> # ***Wednesday 9.1.21 Before Market Open:*** 
> ###### ([CLICK HERE FOR WEDNESDAY'S PRE-MARKET EARNINGS TIME & ESTIMATES!](https://i.imgur.com/0zugFIh.png))

> # ***Wednesday 9.1.21 After Market Close:*** 
> ###### ([CLICK HERE FOR WEDNESDAY'S AFTER-MARKET EARNINGS TIME & ESTIMATES!](https://i.imgur.com/TKW9fwy.png))

*****

> # ***Thursday 9.2.21 Before Market Open:*** 
> ###### ([CLICK HERE FOR THURSDAY'S PRE-MARKET EARNINGS TIME & ESTIMATES!](https://i.imgur.com/7WOTcax.png))

> # ***Thursday 9.2.21 After Market Close:*** 
> ###### ([CLICK HERE FOR THURSDAY'S AFTER-MARKET EARNINGS TIME & ESTIMATES!](https://i.imgur.com/VhK9X0Y.png))

*****

> # ***Friday 9.3.21 Before Market Open:*** 
> ###### ([CLICK HERE FOR FRIDAY'S PRE-MARKET EARNINGS TIME & ESTIMATES!]())
(NONE.)

*****

> # ***Friday 9.3.21 After Market Close:***
> ###### ([CLICK HERE FOR FRIDAY'S AFTER-MARKET EARNINGS TIME & ESTIMATES!]())
(NONE.)

*****

> # Zoom Video Communications, Inc. $340.81
**Zoom Video Communications, Inc. (ZM)** is confirmed to report earnings at approximately 4:05 PM ET on Monday, August 30, 2021. The consensus earnings estimate is $1.16 per share on revenue of $990.96 million and the Earnings Whisper Â® number is $1.25 per share. Investor sentiment going into the company's earnings release has 70% expecting an earnings beat The company's guidance was for earnings of $1.14 to $1.15 per share on revenue of $985.00 million to $990.00 million. Consensus estimates are for year-over-year earnings growth of 39.76% with revenue increasing by 49.35%. The stock has drifted higher by 2.7% from its open following the earnings release to be 5.9% below its 200 day moving average of $362.10. Overall earnings estimates have been revised higher since the company's last earnings release. On Tuesday, August 17, 2021 there was some notable buying of 10,580 contracts of the $350.00 call and 10,573 contracts of the $350.00 put expiring on Friday, October 15, 2021. Option traders are pricing in a 8.8% move on earnings and the stock has averaged a 13.3% move in recent quarters.

> #([CLICK HERE FOR THE CHART!](https://charts.finviz.com/chart.ashx?t=ZM&ty=c&ta=st_c,sch_200p,sma_50,sma_200,sma_20,sma_100,bb_20_2,rsi_b_14,macd_b_12_26_9,stofu_b_14_3_3&p=d&s=l))

*****

> # CrowdStrike, Inc. $282.31
**CrowdStrike, Inc. (CRWD)** is confirmed to report earnings at approximately 4:05 PM ET on Tuesday, August 31, 2021. The consensus earnings estimate is $0.09 per share on revenue of $323.16 million and the Earnings Whisper Â® number is $0.13 per share. Investor sentiment going into the company's earnings release has 81% expecting an earnings beat The company's guidance was for earnings of $0.07 to $0.09 per share on revenue of $318.30 million to $324.40 million. Consensus estimates are for year-over-year earnings growth of 550.00% with revenue increasing by 62.42%. Short interest has decreased by 19.8% since the company's last earnings release while the stock has drifted higher by 30.1% from its open following the earnings release to be 32.2% above its 200 day moving average of $213.57. Overall earnings estimates have been revised higher since the company's last earnings release. On Monday, August 16, 2021 there was some notable buying of 3,330 contracts of the $200.00 put expiring on Friday, September 17, 2021. Option traders are pricing in a 7.8% move on earnings and the stock has averaged a 9.4% move in recent quarters.

> #([CLICK HERE FOR THE CHART!](https://charts.finviz.com/chart.ashx?t=CRWD&ty=c&ta=st_c,sch_200p,sma_50,sma_200,sma_20,sma_100,bb_20_2,rsi_b_14,macd_b_12_26_9,stofu_b_14_3_3&p=d&s=l))

*****

> # Futu Holdings Ltd $96.47
**Futu Holdings Ltd (FUTU)** is confirmed to report earnings at approximately 4:00 AM ET on Tuesday, August 31, 2021. Investor sentiment going into the company's earnings release has 80% expecting an earnings beat. Short interest has decreased by 4.4% since the company's last earnings release while the stock has drifted lower by 20.5% from its open following the earnings release to be 15.7% below its 200 day moving average of $114.41. Overall earnings estimates have been revised lower since the company's last earnings release. On Tuesday, July 27, 2021 there was some notable buying of 2,362 contracts of the $150.00 call expiring on Friday, September 17, 2021. Option traders are pricing in a 12.5% move on earnings and the stock has averaged a 7.3% move in recent quarters.

> #([CLICK HERE FOR THE CHART!](https://charts.finviz.com/chart.ashx?t=FUTU&ty=c&ta=st_c,sch_200p,sma_50,sma_200,sma_20,sma_100,bb_20_2,rsi_b_14,macd_b_12_26_9,stofu_b_14_3_3&p=d&s=l))

*****

> # Li Auto Inc. $29.34
**Li Auto Inc. (LI)** is confirmed to report earnings at approximately 4:00 AM ET on Monday, August 30, 2021. The consensus estimate is for a loss of $0.03 per share on revenue of $4.41 billion and the Earnings Whisper Â® number is ($0.05) per share. Investor sentiment going into the company's earnings release has 61% expecting an earnings beat The company's guidance was for revenue of $609.00 million to $651.70 million. Short interest has increased by 6.2% since the company's last earnings release while the stock has drifted higher by 45.6% from its open following the earnings release to be 0.5% above its 200 day moving average of $29.19. Overall earnings estimates have been revised lower since the company's last earnings release. On Monday, August 9, 2021 there was some notable buying of 3,006 contracts of the $28.00 put expiring on Friday, December 17, 2021. Option traders are pricing in a 8.4% move on earnings and the stock has averaged a 8.6% move in recent quarters.

> #([CLICK HERE FOR THE CHART!](https://charts.finviz.com/chart.ashx?t=LI&ty=c&ta=st_c,sch_200p,sma_50,sma_200,sma_20,sma_100,bb_20_2,rsi_b_14,macd_b_12_26_9,stofu_b_14_3_3&p=d&s=l))

*****

> # Chewy, Inc. $88.11
**Chewy, Inc. (CHWY)** is confirmed to report earnings at approximately 4:05 PM ET on Wednesday, September 1, 2021. The consensus estimate is for a loss of $0.01 per share on revenue of $2.20 billion and the Earnings Whisper Â® number is $0.03 per share. Investor sentiment going into the company's earnings release has 82% expecting an earnings beat. Consensus estimates are for year-over-year earnings growth of 87.50% with revenue increasing by 29.42%. Short interest has increased by 7.7% since the company's last earnings release while the stock has drifted higher by 14.6% from its open following the earnings release to be 3.0% above its 200 day moving average of $85.57. Overall earnings estimates have been revised higher since the company's last earnings release. On Friday, August 27, 2021 there was some notable buying of 1,235 contracts of the $82.00 put and 1,234 contracts of the $97.00 call expiring on Friday, September 3, 2021. Option traders are pricing in a 8.5% move on earnings and the stock has averaged a 5.7% move in recent quarters.

> #([CLICK HERE FOR THE CHART!](https://charts.finviz.com/chart.ashx?t=CHWY&ty=c&ta=st_c,sch_200p,sma_50,sma_200,sma_20,sma_100,bb_20_2,rsi_b_14,macd_b_12_26_9,stofu_b_14_3_3&p=d&s=l))

*****

> # Akoustis Technologies, Inc. $9.99
**Akoustis Technologies, Inc. (AKTS)** is confirmed to report earnings at approximately 7:00 AM ET on Monday, August 30, 2021. The consensus estimate is for a loss of $0.16 per share on revenue of $2.50 million and the Earnings Whisper Â® number is ($0.19) per share. Investor sentiment going into the company's earnings release has 66% expecting an earnings beat. Consensus estimates are for year-over-year earnings growth of 15.79% with revenue increasing by 583.06%. Short interest has increased by 22.9% since the company's last earnings release while the stock has drifted lower by 13.0% from its open following the earnings release to be 12.2% below its 200 day moving average of $11.38. Overall earnings estimates have been revised lower since the company's last earnings release. On Friday, August 27, 2021 there was some notable buying of 1,551 contracts of the $10.00 call expiring on Friday, September 17, 2021. Option traders are pricing in a 28.8% move on earnings and the stock has averaged a 4.5% move in recent quarters.

> #([CLICK HERE FOR THE CHART!](https://charts.finviz.com/chart.ashx?t=AKTS&ty=c&ta=st_c,sch_200p,sma_50,sma_200,sma_20,sma_100,bb_20_2,rsi_b_14,macd_b_12_26_9,stofu_b_14_3_3&p=d&s=l))

*****

> # Catalent, Inc. $129.85
**Catalent, Inc. (CTLT)** is confirmed to report earnings at approximately 7:00 AM ET on Monday, August 30, 2021. The consensus earnings estimate is $1.01 per share on revenue of $1.14 billion and the Earnings Whisper Â® number is $1.05 per share. Investor sentiment going into the company's earnings release has 63% expecting an earnings beat. Consensus estimates are for year-over-year earnings growth of 18.82% with revenue increasing by 20.30%. Short interest has decreased by 26.4% since the company's last earnings release while the stock has drifted higher by 19.7% from its open following the earnings release to be 19.2% above its 200 day moving average of $108.93. Overall earnings estimates have been revised higher since the company's last earnings release. Option traders are pricing in a 6.7% move on earnings and the stock has averaged a 4.0% move in recent quarters.

> #([CLICK HERE FOR THE CHART!](https://charts.finviz.com/chart.ashx?t=CTLT&ty=c&ta=st_c,sch_200p,sma_50,sma_200,sma_20,sma_100,bb_20_2,rsi_b_14,macd_b_12_26_9,stofu_b_14_3_3&p=d&s=l))

*****

> # Cloudera, Inc. $15.95
**Cloudera, Inc. (CLDR)** is confirmed to report earnings at approximately 7:05 AM ET on Monday, August 30, 2021. The consensus earnings estimate is $0.09 per share on revenue of $227.19 million and the Earnings Whisper Â® number is $0.11 per share. Investor sentiment going into the company's earnings release has 60% expecting an earnings beat. Consensus estimates are for year-over-year earnings growth of 12.50% with revenue increasing by 6.00%. Short interest has decreased by 1.7% since the company's last earnings release while the stock has drifted higher by 0.1% from its open following the earnings release to be 12.6% above its 200 day moving average of $14.17. On Friday, August 27, 2021 there was some notable buying of 5,737 contracts of the $16.00 call expiring on Friday, September 3, 2021. Option traders are pricing in a 17.9% move on earnings and the stock has averaged a 11.5% move in recent quarters.

> #([CLICK HERE FOR THE CHART!](https://charts.finviz.com/chart.ashx?t=CLDR&ty=c&ta=st_c,sch_200p,sma_50,sma_200,sma_20,sma_100,bb_20_2,rsi_b_14,macd_b_12_26_9,stofu_b_14_3_3&p=d&s=l))

*****

> # DocuSign $300.76
**DocuSign (DOCU)** is confirmed to report earnings at approximately 4:05 PM ET on Thursday, September 2, 2021. The consensus earnings estimate is $0.39 per share on revenue of $487.50 million and the Earnings Whisper Â® number is $0.42 per share. Investor sentiment going into the company's earnings release has 77% expecting an earnings beat The company's guidance was for revenue of $479.00 million to $485.00 million. Consensus estimates are for year-over-year earnings growth of 550.00% with revenue increasing by 42.46%. Short interest has increased by 15.4% since the company's last earnings release while the stock has drifted higher by 43.3% from its open following the earnings release to be 25.4% above its 200 day moving average of $239.86. Overall earnings estimates have been revised higher since the company's last earnings release. On Wednesday, August 11, 2021 there was some notable buying of 1,911 contracts of the $250.00 put expiring on Friday, September 17, 2021. Option traders are pricing in a 8.6% move on earnings and the stock has averaged a 9.2% move in recent quarters.

> #([CLICK HERE FOR THE CHART!](https://charts.finviz.com/chart.ashx?t=DOCU&ty=c&ta=st_c,sch_200p,sma_50,sma_200,sma_20,sma_100,bb_20_2,rsi_b_14,macd_b_12_26_9,stofu_b_14_3_3&p=d&s=l))

*****

> # ChargePoint Holdings, Inc. $21.24
**ChargePoint Holdings, Inc. (CHPT)** is confirmed to report earnings at approximately 4:05 PM ET on Wednesday, September 1, 2021. The consensus estimate is for a loss of $0.14 per share on revenue of $49.06 million and the Earnings Whisper Â® number is ($0.18) per share. Investor sentiment going into the company's earnings release has 79% expecting an earnings beat The company's guidance was for revenue of $46.00 million to $51.00 million. The stock has drifted lower by 22.5% from its open following the earnings release. Overall earnings estimates have been revised lower since the company's last earnings release. On Friday, August 27, 2021 there was some notable buying of 1,534 contracts of the $30.00 call and 1,502 contracts of the $30.00 put expiring on Friday, September 17, 2021. Option traders are pricing in a 10.4% move on earnings and the stock has averaged a 7.0% move in recent quarters.

> #([CLICK HERE FOR THE CHART!](https://charts.finviz.com/chart.ashx?t=CHPT&ty=c&ta=st_c,sch_200p,sma_50,sma_200,sma_20,sma_100,bb_20_2,rsi_b_14,macd_b_12_26_9,stofu_b_14_3_3&p=d&s=l))

*****

# DISCUSS!

What are you all watching for in this upcoming trading week?

*****

I hope you all have a wonderful weekend a great trading week ahead r/wallstreetbets. :)"
owlglg,https://www.reddit.com/r/wallstreetbets/comments/owlglg/amd_target_price_269_dd_82/,AMD Target Price $269 DD 8/2,2,10,2021-08-03 03:08:23,[deleted]
ol9lx3,https://www.reddit.com/r/wallstreetbets/comments/ol9lx3/semiconductor_expected_earnings_dates/,Semiconductor Expected Earnings Dates,51,45,2021-07-16 12:34:29,"Semiconductor Expected Earnings Dates

If you are investing in semiconductor stocks itâ€™s always nice to see how other stocks perform in the same sector before earnings. If Iâ€™m missing any or mistaken the dates please let me know and I will correct them. Enjoy! 

07/15PM $TSM 

Taiwan Semiconductor (NYSE:TSM): Q2 GAAP EPS of $0.93 beats by $0.02. Revenue of $13.29B (+28.0% Y/Y) misses by $20M.

07/21PM ASML

ASML Holding (NASDAQ:ASML): Q2 GAAP EPS of â‚¬2.52 beats by â‚¬0.03. Revenue of â‚¬4B (+20.1% Y/Y) misses by â‚¬120M.

07/21AH TXN

Texas Instruments (NASDAQ:TXN): Q2 Non-GAAP EPS of $1.99 beats by $0.14; GAAP EPS of $2.05 beats by $0.22. Revenue of $4.58B (+41.4% Y/Y) beats by $220M.

07/22AH INTC

Intel (NASDAQ:INTC): Q2 Non-GAAP EPS of $1.28 beats by $0.21; GAAP EPS of $1.24 beats by $0.19. Non-GAAP Revenue of $18.5B (+2% Y/Y) beats by $700M. Raising full-year 2021 guidance: Now expecting GAAP revenue of $77.6 billion and non-GAAP revenue of $73.5 billion from prior guidance of $72.5B vs. $72.65B consensus; GAAP EPS of $4.09 and non-GAAP EPS of $4.80 from prior guidance of $4.60 vs. $4.11B consensus.

07/26AH CDNS

Cadence Design Systems (NASDAQ:CDNS): Q2 Non-GAAP EPS of $0.86 beats by $0.10; GAAP EPS of $0.56 beats by $0.06. Revenue of $728.29M (+14.1% Y/Y) beats by $8.05M. Outlook Q3 2021: Total revenue in the range of $730-750M (consensus: $727.91M); GAAP operating margin ~23% and GAAP EPS range of $0.48 to $0.50; non-GAAP range of $0.74 to $0.76 (consensus: $0.73).

07/27AH AMD

Advanced Micro Devices (NASDAQ:AMD): Q2 Non-GAAP EPS of $0.63 beats by $0.09; GAAP EPS of $0.58 beats by $0.12. Revenue of $3.85B (+99.5% Y/Y) beats by $240M. For Q3, AMD guides revenue of ~$4.1B (consensus: $3.8B), plus or minus $100M, and non-GAAP gross margin of 48%.

07/27AH TER

Teradyne (NASDAQ:TER): Q2 Non-GAAP EPS of $1.91 beats by $0.16; GAAP EPS of $1.76 beats by $0.12. Revenue of $1.09B (+29.9% Y/Y) beats by $30M. GAAP Gross Margin 59.6% in Q2â€™21, up from 56.2% in Q2â€™20 and 57.4% in Q2â€™19. Q3 guidance: Revenue of $880 million to $960 million (consensus: $919.97M), with GAAP net income of $1.17 to $1.41 per diluted share and non-GAAP net income of $1.29 to $1.55 per diluted share (consensus: $1.37).

07/28PM UMC

United Microelectronics (NYSE:UMC): Q2 GAAP EPS of $0.18 beats by $0.03. Revenue of $1.83B (+14.7% Y/Y) beats by $40M. Gross margin: 31.3%; Operating margin: 22.2% Q3 outlook: Wafer Shipments: To increase by 1-2% ASP in USD: To increase by approximately 6% Gross Profit Margin: To be in the mid-30% range Capacity Utilization: 100%

07/28AH QCOM

Qualcomm (NASDAQ:QCOM): Q3 Non-GAAP EPS of $1.92 beats by $0.24; GAAP EPS of $1.77 beats by $0.40. Revenue of $8.06B (+64.5% Y/Y) beats by $500M. Sees Q4 revenue of $8.4B-$9.2B vs. consensus of $8.54B and non-GAAP EPS of $2.15-$2.35 vs. $2.07 consensus estimate.

07/28AH LRCX

Lam Research (NASDAQ:LRCX): FQ4 Non-GAAP EPS of $8.09 beats by $0.48; GAAP EPS of $7.98 beats by $0.47. Revenue of $4.15B (+60.9% Y/Y) beats by $120M.

07/28AH XLNX

Xilinx (NASDAQ:XLNX): Q1 Non-GAAP EPS of $0.95 beats by $0.12; GAAP EPS of $0.83 beats by $0.08. Revenue of $879M (+20.9% Y/Y) beats by $23.77M. Fiscal first quarter free cash flow of $373 million, representing 42% of revenue.

07/29AH SWKS

Skyworks Solutions (NASDAQ:SWKS): Q3 Non-GAAP EPS of $2.15 beats by $0.01; GAAP EPS of $2.02 beats by $0.22.Revenue of $1.11B (+50.7% Y/Y) beats by $10M. â€œSpecifically, in the fourth fiscal quarter of 2021, we anticipate revenue to be between $1.270 billion and $1.330 billion vs. $1.22B consensus with non-GAAP diluted earnings per share of $2.53 vs. $2.47 consensus at the midpoint of our revenue range, representing revenue growth of 36% and non-GAAP diluted earnings per share growth of 37%, compared to the fourth fiscal quarter of 2020.â€

07/29AH KLAC

KLA (NASDAQ:KLAC): Q4 Non-GAAP EPS of $4.43 beats by $0.43; GAAP EPS of $4.10 beats by $0.29. Revenue of $1.93B (+32.2% Y/Y) beats by $50M. Q1 2022 Guidance: Total revenue is expected to be between $1.92B to $2.12B vs. consensus of $1.91B

08/02AH NXPI

NXP Semiconductors (NASDAQ:NXPI): Q2 GAAP EPS of $1.42 beats by $0.14. Revenue of $2.59B (+42.3% Y/Y) beats by $10M. Revenue of $2.775B-$2.925B vs. $2.70B consensus Gross margin 56%-56.6% vs. 49.1% in 2Q20 Operating margin 32.4%-32.6% vs. % vs. 20.7% in 2Q20

08/02PM ON

ON Semiconductor (NASDAQ:ON): Q2 Non-GAAP EPS of $0.63 beats by $0.14; GAAP EPS of $0.42 beats by $0.07. Revenue of $1.67B (+38.0% Y/Y) beats by $50M. Adjusted gross margin was 38.4% v. consensus of 36.8%. CEO comment: â€œWe continue to see accelerating demand for our products in our strategic automotive and industrial end-markets. As we continue to drive operational efficiencies in our manufacturing sites, we expect to see incremental supply and revenue growth in the second half of 2021.â€

08/03AH MCHP

Microchip Technology (NASDAQ:MCHP): Q1 Non-GAAP EPS of $1.98 beats by $0.07; GAAP EPS of $0.89 beats by $0.11. Revenue of $1.57B (+19.8% Y/Y) beats by $20M. For FQ2, the company forecasts net sales of $1.616-1.679B (consensus: $1.59B), adjusted EPS of $2.05-2.17 (consensus: $1.98), and adjusted gross margin of 64.8-65.2%.

08/03AH LSCC

Lattice Semiconductor (NASDAQ:LSCC): Q2 Non-GAAP EPS of $0.25 beats by $0.03; GAAP EPS of $0.15 beats by $0.01. Revenue of $125.9M (+25.2% Y/Y) beats by $5.67M. Outlook Q3: Revenue $124-132M vs. $121.4M consensus; Gross margin expected to be 62% plus or minus 1% on a non-GAAP basis.

08/05PM HIMX

Himax Technologies (NASDAQ:HIMX): Q2 Non-GAAP EPADS of $0.624 beats by $0.16; GAAP EPADS of $0.623 beats by $0.05.
Revenue of $365.3M (+95.3% Y/Y) beats by $3.25M. Gross margin reached 47.5%, significantly up from the 40.2% in Q1 2021, positioned at upper range of the guidance of 45.5% - 47.5%. Provides Q3 2021 Guidance: Revenues to Increase by 13% to 17% sequentially, Gross Margin is expected to be in the range of 50.5% to 52.0%, Non-IFRS Profit per Diluted ADS to be around 75.0 Cents to 81.0 Cents vs. consensus of $0.41, and IFRS Profit per Diluted ADS to be around 63.0 Cents to 69.0 Cents.

08/10PM VSH ðŸ‘ˆðŸ‘ (Hidden Value+Growth Surprise Play)

08/10PM IMOS

08/10AH INDI

08/18PM ADI

08/18AH NVDA

08/17AH CREE

08/18AH SNPS

08/19AH AMAT

08/19AH KEYS

08/29AH KLAC

09/02AH AVGO

09/29AH MU"
ol7jkj,https://www.reddit.com/r/wallstreetbets/comments/ol7jkj/abnb_will_be_exploding_next_6_weeks/,ABNB will be exploding next 6 weeks,63,86,2021-07-16 10:24:24,"I watch the level 2 daily as well as dark pool and can see the accumulation on the buy side. It's also had recent PT upgrades and press keeps coming up . The s20 has finally caught up with and overtaken the s50, thats a bullish sign for any beaten down stock. 

&#x200B;

Don't get faked out by the bear traps liek this week - it was always gonna happen on OpEX week combined with a huge move in big caps tech over the past month. There is another leg up coming for the reopening plays and for some of tech like MSFT, NFLX, few semiconductors (NVDA too extended but AMAT, AVGO). 

&#x200B;

Play your cards right. Listen to the badass with 6 monitors and not the random pumpers. 

Price under 140 is wholesale , oncei t gets to 156  I would start scaling out if you have a big position, some resistance there short term."
ol4vlv,https://www.reddit.com/r/wallstreetbets/comments/ol4vlv/how_to_day_trade_like_a_crazy_person/,How To Day Trade Like A Crazy Person,2,10,2021-07-16 07:45:00,[removed]
ol4pm0,https://www.reddit.com/r/wallstreetbets/comments/ol4pm0/how_to_day_trade_like_a_crazy_person/,How to Day Trade Like a Crazy Person,1,1,2021-07-16 07:35:20,[removed]
okwvju,https://www.reddit.com/r/wallstreetbets/comments/okwvju/semiconductor_expected_earnings_dates/,Semiconductor Expected Earnings Dates,1,1,2021-07-16 00:53:30,[removed]
okirfx,https://www.reddit.com/r/wallstreetbets/comments/okirfx/mmat/,MMAT ðŸ¦„ðŸ¦„ðŸ¦„ðŸ¦„,14,29,2021-07-15 09:46:23,[removed]
okijjp,https://www.reddit.com/r/wallstreetbets/comments/okijjp/mmat_hype/,MMAT hype!!!! ðŸ¦„ðŸ¦„ðŸ¦„ðŸ¦„ðŸ¦„,2,1,2021-07-15 09:33:22,[removed]
okid81,https://www.reddit.com/r/wallstreetbets/comments/okid81/mmat_the_semiconductor_company/,MMAT the semi-conductor company!,1,1,2021-07-15 09:22:52,[removed]
nvtjsy,https://i.redd.it/5rdr8c9978471.jpg,"HOW TF IS THIS SHIT LEGAL?!? Senate passes a tech manufacturing bill to counter China. Numerous senators/ house members purchased semi-conductor stock BEFOREHAND. For example, Nancy Wyden bought $AAPL, $AMAT, $AVGO, $KLAC & $NVDA BEFORE the legislation. https://unusualwhales.com/i_am_the_senate/semi",2,0,2021-06-09 19:31:10,
nu3r0e,https://www.reddit.com/r/wallstreetbets/comments/nu3r0e/is_avgo_worth_investing_in_ive_heard_its_very/,Is $AVGO worth investing in Iâ€™ve heard itâ€™s very consistent,0,1,2021-06-07 12:21:59,[removed]
nt85av,https://www.reddit.com/r/wallstreetbets/comments/nt85av/sofi_primed_to_blow_next_week_and_beyond_recent/,SoFi Primed to Blow next week And Beyond! Recent article on investorplace mentioned with $300-700 tickers.Its 1 of the most Hvly Shorted stocks on the market. The Amazon of FinTech Makes money off Chime And RH customers and more. WSB Army Must Watch. Sitting @ a cool $21 Long options cheap too,6,20,2021-06-06 07:21:08,[removed]
nk3bb9,https://www.reddit.com/r/wallstreetbets/comments/nk3bb9/semiconductors_rare_earths_china_probably_owns/,Semiconductors = Rare Earths = China probably owns the world by now = Take advantage on that,0,17,2021-05-25 01:27:11,[deleted]
myptcj,https://www.reddit.com/r/wallstreetbets/comments/myptcj/qcom_is_involved_in_so_many_things/,QCOM is involved in so many things,1,1,2021-04-26 12:46:06,[removed]
mjlu8v,https://seekingalpha.com/article/4417374-broadcoms-stock-rise-multiple-growth-trends,Broadcom (NASDAQ:AVGO): Growth At A Reasonable Price,1,0,2021-04-04 09:14:59,
mfi4j9,https://www.reddit.com/r/wallstreetbets/comments/mfi4j9/will_broadcom_avgo_go_strong/,Will Broadcom (AVGO) go strong??,1,0,2021-03-29 13:01:00,[removed]
m1bokv,https://www.reddit.com/r/wallstreetbets/comments/m1bokv/soxl_will_rock_your_soxl/,SOXL will rock your SOXL,0,3,2021-03-10 01:37:36,[removed]
lwcs10,https://www.reddit.com/r/wallstreetbets/comments/lwcs10/reeeeeeeeecap_of_todays_market_driving_news_march/,"Reeeeeeeeecap of today's market driving news (March 3, 2021 after market close)",4,3,2021-03-03 05:17:40,[removed]
lw5odk,https://www.reddit.com/r/wallstreetbets/comments/lw5odk/soxl_3x_semiconductor_play/,$SOXL 3X Semiconductor play ðŸš›ðŸš›ðŸš›ðŸ”ŒðŸ”ŒðŸ”Œ,15,43,2021-03-03 00:14:14,"Introducing ... $SOXL. A 3X Bullish ETF of 80% Semiconductors 20% Semiconductor materials chain. Meaning it goes up 3x or down with itâ€™s holdings.

ðŸ˜Love that leverage since stocks only go â¬†ï¸

Do you like Semiconductors? Y/N

\-Are you bullish on NVDA/AMD ðŸš€ðŸš€ðŸš€ Y/N

\-Do you think thereâ€™s a Semiconductor shortage? Y/N

\-Do you like 3x Leverage?

\-BearsðŸŒˆðŸ»say: Shortage means less profits!!

\-Yes, they might be constrained now, but itâ€™s only a matter of time, Supply vs Demand. Semiconductor manufacturers will raise prices leading to increased profit that scales with inflation! Semiconductors go brrrr ðŸ’µ ðŸ’µ ðŸ’µ

Do you really want to bet against:

\-Stimmy?ðŸ’‰ðŸ’°ðŸ’°ðŸ’°

\-Government (Natâ€™l Security) interventions?ðŸ•µï¸ðŸ•µï¸â€â™‚ï¸

\-Increased cryptomining, gaming, and EV/AI chip usage? ðŸš€ðŸš€ðŸš€

Look around and see how hard it is to buy a current GPU at MSRP!

SOXL Just split 15:1, this isnâ€™t really technically bullish sign as it moves 3x based off of its holdings, however: calls, covered calls, puts, etc are cheaper for you to play!

(620 â€”> 41 per share as of today)

...To me; itâ€™s bullish , it means more people can play.

Love the call options on dips- 3x leverage off of 100x leverage from option(s) = Get Tendies or Die Tryinâ€™  ðŸ— ðŸ’€

1 yr return: +105.96% ðŸ˜

Holdings: (80% Semiconductor Manufactures, 20% Semiconductor Equipment)

Top Holdings:

Broadcom Limited, Qualcomm, Intel, Texas Instruments, Nvidia, AMD, Intel, Micron Technology, Taiwan Seminductor, Analog Devices, Applied Material, Lam Research (See Direxion Website)

âš ï¸Warning âš ï¸ : tanks hard on dips but thatâ€™s when you buy more calls for insane gains.

See Posted Positions:Shares @ ATHs & dips (pre split)

Calls @ ATHs & dips

(My Entry: Everyday) - Shares

Calls at dips

ðŸ“·ðŸ“·

https://preview.redd.it/n1vvvtye3nk61.png?width=609&format=png&auto=webp&s=089804d61990ff384fa3bcec640f1206322de810

https://preview.redd.it/cw8tg1ze3nk61.png?width=489&format=png&auto=webp&s=10cad342c4867a256f6d5dbe8dda535d25f18489"
lw57ow,https://www.reddit.com/r/wallstreetbets/comments/lw57ow/tired_of_meme_stocks_soxl_3x_semiconductor_play/,Tired of Meme Stocks? $SOXL 3X Semiconductor play ðŸš›ðŸš›ðŸš›ðŸ”ŒðŸ”ŒðŸ”Œ,0,1,2021-03-02 23:56:02,[removed]
lno8kc,https://www.reddit.com/r/wallstreetbets/comments/lno8kc/here_are_some_stocks_that_i_like_for_all_those/,Here are some stocks that I like- for all those trackers,2,1,2021-02-20 03:27:10,[removed]
lnkxxm,https://www.reddit.com/r/wallstreetbets/comments/lnkxxm/i_like_these_stocks_so_much_sec_hedgies_plz_do/,I like these stocks so much (SEC & HEDGies plz do not look at this post),1,2,2021-02-20 01:08:20,[removed]
lnjmb1,https://www.reddit.com/r/wallstreetbets/comments/lnjmb1/fuck_all_the_hedge_funds_keeping_track_of_stocks/,Fuck all the hedge funds keeping track of stocks mentioned on here,57,23,2021-02-20 00:15:20,[removed]
lnj00p,https://www.reddit.com/r/wallstreetbets/comments/lnj00p/stocks_i_like_for_the_hedge_funds_buying_tech_to/,stocks I like - for the hedge funds buying tech to track this,2799,662,2021-02-19 23:49:26,[removed]
lmjhma,https://www.reddit.com/r/wallstreetbets/comments/lmjhma/perserverance_lands_on_mars_today_this_stock_is/,"Perserverance lands on Mars today, This stock is heading to the MOON.",3,0,2021-02-18 18:12:30,[removed]
lmjd72,https://www.reddit.com/r/wallstreetbets/comments/lmjd72/why_this_company_is_the_most_valuable_company_in/,Why this company is the most valuable company in the world.,1,1,2021-02-18 18:04:01,[removed]
lmj8az,https://www.reddit.com/r/wallstreetbets/comments/lmj8az/the_most_valuable_company_in_the_entire_world/,"The most valuable company in the entire world, that no one pays enough attention to!",1,0,2021-02-18 17:56:07,[removed]
ljzjk5,https://www.reddit.com/r/wallstreetbets/comments/ljzjk5/mchp_txn_avgo_amd/,"MCHP, TXN, AVGO & AMD",1,1,2021-02-15 06:55:48,[removed]
li3e9l,https://www.reddit.com/r/wallstreetbets/comments/li3e9l/wtf_are_people_smoking_around_here_seems_like/,"WTF are people smoking around here? Seems like mostly their dough. BB was a good bet and a hold. The chips stocks are the big news now. AMD, TSMC, BROADCOM. The rest in this thread lately are face plants. TLRY at $420? You need to clear the smoke. Lemmie break this down to 3 points.",1,0,2021-02-12 12:14:42,[removed]
lftq2y,https://www.reddit.com/r/wallstreetbets/comments/lftq2y/i_believe_qualcomm_will_recover/,I believe Qualcomm will recover,105,55,2021-02-09 11:40:53,"This is not financial advice. This is my first DD so please leave feedback. 


I believe Qualcomm has been brutally oversold. I expect a large rebound in the following months. 

Following their [most recent earnings report Q1 2021](https://investor.qualcomm.com/sec-filings/all-sec-filings/content/0001728949-21-000022/0001728949-21-000022.pdf) on the 4th of February their stock dropped 10% in 2 days. However, their earning report was strong and they maintain confidence that they will have a strong Q2 earnings too with an EPS of $1.65 (analysts were expecting an EPS of $1.57). The Q1 ER had an EPS of $2.17 per diluted share which is more than double their Q1 2020 $0.99 EPS. Although their ER beating high estimates of $8 billion in sales by an extra $200 million, [their licensing division brought in $1.35 billion of an estimated $1.43 billion.](https://www.barrons.com/articles/qualcomm-stock-earnings-chips-apple-51612390489) Their equipment and services division brought in $6.440 billion. They had an operating income of 2.5 billion.


Qcom has a healthy balance sheet with $7 billion in cash and very little short term debt. They do have $15 billion of long term doubt, which would be entirely covered by their cash, accounts receivable, and inventory. They can chip away at this debt slowly in this low interest period whilst focusing on R&D.


All sounds good, so why did the stock tumble so bad? Iâ€™ve looked at different sources and have read that business analysts are worried about the limited manufacturing capacity across the semiconductor industry. However, I believe this is bullish. With demand higher than supply, it allows for the flexibility in price and larger profits whilst reinvesting back into manufacturing. Furthermore, I do not believe the dip is for this reason as other US chip producers such as Broadcom, Nvidia and the likes also are experiencing the same chip shortage and their stocks have not dipped in the same way. AMD has dipped in a similar way after beating earnings in true fashion and is showing signs of recovery which makes me bullish of a rebound. 

 It is possible the sell off may be due to [citi downgrading their PT to $165 from $194.](https://www.marketwatch.com/story/qualcomm-stock-gets-a-downgrade-at-citi-after-earnings-2021-02-04) This is still higher than the current price by a bit but is slightly more bearish. Qualcomm has 77% of shares held by institutions, so youâ€™d expect less volatility considering recently they have been loading up on shares, however, this data is prior to earnings. Updated figures on institutional holding reports are filed within 45 days after calendar quarter end - the 21st of March. [The most credible reason for the dip may be due to analysts having higher forecasts for the licensing division, however, I do believe the reaction has been very disproportionate especially when following EPS for the next quarter remains strong.](https://www.fool.com/investing/2021/02/04/why-qualcomm-stock-is-falling-today/)




Probably some bad DD. Not financial advice. Please tell me how to improve."
l6965q,https://www.reddit.com/r/wallstreetbets/comments/l6965q/nokia_nok_the_finnish_giant/,NOKIA $NOK - the finnish giant,114,20,2021-01-28 01:08:03,"**Dear fellow degenerates**, 

&#x200B;

today i want to introduce you to Nokia #NOK. ðŸš€

The year is 1865 in Finland â€“ NOK was founded. Our beloved God Elon didnt even exist as a sperm back then; nor did your boomer grandpa. NOK took vegetables and made paper out of it. Then they decided to make phones and computers. 

In 2014 NOK sold their phone business to Microsoft for billions. Microsoft sold it to HMD global. NOK still receives royalties for their name. So NOK is not a phone company anymore (do not confuse the 2 when researching). 

Today, NOK is far more advanced than making paper from paprika or selling undestructable phones. By taking over a joint-venture from Siemens in 2013, Alcatel-Lucent in 2015 and continuous work, aquisitions and research, they now pose as a major player in hardware and software for critical communication technology. More about this later. 

[https://www.nokia.com/about-us/company/our-history/](https://www.nokia.com/about-us/company/our-history/)

[https://www.reuters.com/article/uk-qualcomm-m-a-broadcom-5g/what-is-5g-and-who-are-the-major-players-idUKKCN1GR1J4?edition-redirect=uk](https://www.reuters.com/article/uk-qualcomm-m-a-broadcom-5g/what-is-5g-and-who-are-the-major-players-idUKKCN1GR1J4?edition-redirect=uk)

**Now you think, well what changed? Why the DD?**

**1)**

First of all â€“ Fundamentals in EUR (27.01.2020)

Market cap â€“ 21.72Bn; Share price â€“ 4; Shares outstanding â€“ 5,617,060,120; Short percentage of float â€“ 1.6%; 52wk range â€“ 2 â€“ 4.3; PE ratio â€“ 29; Next earnings â€“ 04.02.2021; Dividend â€“ 0% (04.02.2021 dividends will be anounced, probably 1 or 2% quarterlyðŸš€); Employees â€“ 98k

Stock development: 

https://preview.redd.it/f6gugmernwd61.png?width=673&format=png&auto=webp&s=d80258fd4108d0ebbfe4f44a4339b4f14c50ab70

&#x200B;

[https://www.investing.com/equities/nokia-finland](https://www.investing.com/equities/nokia-finland)

[https://shortsqueeze.com/shortinterest/stock/NOK.htm](https://shortsqueeze.com/shortinterest/stock/NOK.htm)

**2)**

In August last year (2020), NOK hired one of their key phone infrastructure employees back. He was there from 1990 â€“ 2000. And now he is back as CE fucking O. ðŸš€

In between 2000-2020 he did some random shenanigan CEO stuff. His name is Pekka (#CoC) Lundmark. NOK have 2 other new executives, very capable. 

[https://www.nokia.com/about-us/company/leadership-and-governance/board-of-directors/](https://www.nokia.com/about-us/company/leadership-and-governance/board-of-directors/)

**3)**

5G - The economic future outlook is looking very juicy compared to NOKâ€™s share price: 

NOK has a market share of 22%. Sure, Ericsson has 26, Huawei has 28.5%. But Huawei is kicked out of Europe, North America, and now many more.The list of countries banning Huawei is growing fast. Who is happy to take over, even in asia? (look at Singapore, partly Thailand f.e.) NOK, Samsung, Ericsson. NOK will have a pie of it. ðŸš€

[https://www.channele2e.com/business/enterprise/huawei-banned-in-which-countries/](https://www.channele2e.com/business/enterprise/huawei-banned-in-which-countries/)

EV with autonomous driving will need 5G to be connected perfectly. Also autonomous traffic such as drones will rely on this heavily. Guess who produces infrastructure for this, and offers safe communication infrastructure solutions already tested? NOK. ðŸš€

The finnish, norwegian and swedish governments already bought into NOK. 5G with secure critical infrastructure is a big deal.  

[https://www.bloomberg.com/news/articles/2020-09-08/finland-is-building-its-nokia-stake-in-response-to-u-s-interest-ketqcpo7](https://www.bloomberg.com/news/articles/2020-09-08/finland-is-building-its-nokia-stake-in-response-to-u-s-interest-ketqcpo7)

What else? NOK is involved in cyber-security slightly similar to #BB BlackBerry. 

Nokia Smart Grid for securing power stations; Network security in general; IOT security and Railway infrastructure security. 

[https://www.nokia.com/networks/solutions/cyber-security-for-power-utilities/](https://www.nokia.com/networks/solutions/cyber-security-for-power-utilities/)

[https://www.nokia.com/networks/portfolio/network-security/#why-nokia-](https://www.nokia.com/networks/portfolio/network-security/%23why-nokia-)

[https://www.nokia.com/networks/solutions/cyber-security-for-railways/](https://www.nokia.com/networks/solutions/cyber-security-for-railways/)

5G will be developed faster than you think. According to Ericssons 2020 mobility report, 40% of all mobile internet subs will be 5G â€“ 3.5 billion users in 2026. You might think thats 6 years still, but remember that its 40% of all mobile subs, and where are 3.5bn of subs? Except EU and NA â€“ think China, India, South america, africa, south east asia. Massive numbers.  

[https://www.ericsson.com/assets/local/mobility-report/documents/2020/november-2020-ericsson-mobility-report.pdf](https://www.ericsson.com/assets/local/mobility-report/documents/2020/november-2020-ericsson-mobility-report.pdf)

&#x200B;

https://preview.redd.it/2njdnvbvnwd61.png?width=798&format=png&auto=webp&s=f83d558de939f26664bc47922c143dfd25d2f112

With one deal, NOK managed to secure 2.2bn$ in 2018. 

[https://www.grandviewresearch.com/industry-analysis/5g-chipset-market](https://www.grandviewresearch.com/industry-analysis/5g-chipset-market)

**4)** 

Research & Development: 

NOK is the flagship for 6G research in the EU. 

[https://www.rcrwireless.com/20201207/5g/nokia-lead-european-commission-6g-research-initiative](https://www.rcrwireless.com/20201207/5g/nokia-lead-european-commission-6g-research-initiative)

NOK is working with NASA to put 4G and 5G on the fucking MOON. ðŸš€ðŸš€ðŸš€ðŸš€ðŸš€

[https://www.satellitetoday.com/telecom/2021/01/04/bringing-lte-to-the-moon-nokia-exec-talks-nasa-tipping-point-contract/](https://www.satellitetoday.com/telecom/2021/01/04/bringing-lte-to-the-moon-nokia-exec-talks-nasa-tipping-point-contract/)

I didnt look to far in research and development; NOK has claimed some 3000 patents for 5G, but Huawei is the leader right now. What seems interesting though is that NOK is ahead in confirmed patents. 

https://preview.redd.it/0m0suzawnwd61.png?width=815&format=png&auto=webp&s=635e3eeb409ada0404f6caae272b77066224c523

&#x200B;

The discussion about the patent leaders are diffuse. TwoBirds said that Ericsson was leading, with Huawei questioned as to if their numbers were legit. Qualcomm is also a major player. 

**My point though is that NOKâ€™s stock is still flat,** while Qualcomm and the others significantly gained. (Except Huawei, political risk)

**5)** Random links that are worth a read

1/21/21 China Mobile and Nokia deliver 70% cost saving with AI-powered 5G RAN

[https://www.sdxcentral.com/articles/news/nokia-claims-ai-5g-ran-triumph-with-china-mobile/2021/01/](https://www.sdxcentral.com/articles/news/nokia-claims-ai-5g-ran-triumph-with-china-mobile/2021/01/)

1/18/21 Google Cloud and Nokia Partner to Accelerate Cloud-Native 5G Readiness for CSPs

[https://www.arcweb.com/blog/google-cloud-nokia-partner-accelerate-cloud-native-5g-readiness-csps](https://www.arcweb.com/blog/google-cloud-nokia-partner-accelerate-cloud-native-5g-readiness-csps)

1/15/21 Nokia joins US government 5G cybersecurity project

[https://www.telecompaper.com/news/nokia-joins-us-government-5g-cybersecurity-project--1368745](https://www.telecompaper.com/news/nokia-joins-us-government-5g-cybersecurity-project--1368745)

1/12/21 Nokia and M1 partner with 5G standalone Core to drive Singaporeâ€™s 5G ecosystem

[https://www.globenewswire.com/news-release/2021/01/13/2157562/0/en/Nokia-and-M1-partner-with-5G-standalone-Core-to-drive-Singapore-s-5G-ecosystem.html](https://www.globenewswire.com/news-release/2021/01/13/2157562/0/en/Nokia-and-M1-partner-with-5G-standalone-Core-to-drive-Singapore-s-5G-ecosystem.html)

1/11/21 Nokia to accelerate Tele2â€™s digitalization with distributed cloud core

[https://www.globenewswire.com/news-release/2021/01/11/2155903/0/en/Nokia-to-accelerate-Tele2-s-digitalization-with-distributed-cloud-core.html](https://www.globenewswire.com/news-release/2021/01/11/2155903/0/en/Nokia-to-accelerate-Tele2-s-digitalization-with-distributed-cloud-core.html)

1/8/21 Nokia (NOK) Secures Private Wireless Deal From Tideworks

[https://finance.yahoo.com/news/nokia-nok-secures-private-wireless-133601128.html](https://finance.yahoo.com/news/nokia-nok-secures-private-wireless-133601128.html)

1/6/21 Nokia secures new 5G deals in Saudi Arabia

[https://www.rcrwireless.com/20210106/5g/nokia-secures-new-5g-deals-saudi-arabia](https://www.rcrwireless.com/20210106/5g/nokia-secures-new-5g-deals-saudi-arabia)

1/4/21 Bringing LTE to the Moon: Nokia Exec Talks NASA Tipping Point Contract

[https://www.satellitetoday.com/telecom/2021/01/04/bringing-lte-to-the-moon-nokia-exec-talks-nasa-tipping-point-contract/](https://www.satellitetoday.com/telecom/2021/01/04/bringing-lte-to-the-moon-nokia-exec-talks-nasa-tipping-point-contract/)

12/29/20 dtac selects Nokia for 5G deployment in parts of Thailand

[https://www.rcrwireless.com/20201229/5g/dtac-selects-nokia-5g-deployment-parts-thailand](https://www.rcrwireless.com/20201229/5g/dtac-selects-nokia-5g-deployment-parts-thailand)

9/28/20 Finland Grows Nokia Stake In Response to US Interest. The stateâ€™s equity-asset manager Solidium Oy recently crossed the 5% threshold in Nokia shares, and now has about â‚¬1 billion (US$1.2 billion) worth of stock.

[https://www.competitionpolicyinternational.com/finland-grows-nokia-stake-in-response-to-us-interest/](https://www.competitionpolicyinternational.com/finland-grows-nokia-stake-in-response-to-us-interest/)

&#x200B;

**Conclusion:**

NOK is worth a buy IMO. Traffic of tomorrow will rely heavily on secure 5G infrastructure. NOKâ€™s basic revenue is solid, cash flow positive. They will pay dividends, and are a big competitor in a growing sector. They will need their time though, they wont skyrocket next month. 

This is not a YOLO play. As u/ST_McD pointed out, NOK is not the next GME. I see good upside on this stock though, around 100% until next year. 

For 2 other good DD's on this, check u/ST_McD and u/zepherance. Special thanks to u/zepherance, I used some info from ur DD. 

&#x200B;

Position: long 4000 @ 3.85 Eur. Looking to get calls soon - 8c Jan 22. 

This is not financial advise, I'm not a bot and this is not distortion of GME - im holding. 

&#x200B;

TL;CR: NOK go boom. NOK build Internet for Moon with NASA. NOK stonks.ðŸš€"
l2jdle,https://www.reddit.com/r/wallstreetbets/comments/l2jdle/stock_market_news_for_today_intel_intc_tesla_tsla/,"Stock Market News for Today | Intel [INTC], Tesla [TSLA] & Other Stock Market News [01-22]",37,13,2021-01-22 16:22:29,[deleted]
